<?xml version="1.0" encoding="UTF-8"?>
<project-private xmlns="http://www.netbeans.org/ns/project-private/1">
    <editor-bookmarks xmlns="http://www.netbeans.org/ns/editor-bookmarks/2" lastBookmarkId="0"/>
    <open-files xmlns="http://www.netbeans.org/ns/projectui-open-files/2">
        <group>
            <file>file:/C:/Users/canat/Documents/NetBeansProjects/Cañate_Gomez/src/prueba.txt</file>
            <file>file:/C:/Users/canat/Documents/NetBeansProjects/Cañate_Gomez/src/cañate_gomez/Deteccion.java</file>
            <file>file:/C:/Users/canat/Documents/NetBeansProjects/Cañate_Gomez/src/cañate_gomez/Principal.java</file>
            <file>file:/C:/Users/canat/Documents/NetBeansProjects/Cañate_Gomez/src/cañate_gomez/Cañate_Gomez.java</file>
            <file>file:/C:/Users/canat/Documents/NetBeansProjects/Cañate_Gomez/src/Codigo_Ascii.txt</file>
            <file>file:/C:/Users/canat/Documents/NetBeansProjects/Cañate_Gomez/src/prueba.btp</file>
        </group>
    </open-files>
</project-private>
